order_id,line_no,product_id,quantity,unit_price,discount_rate
O000001,1,P0011,1,24000,0.05
O000002,1,P0007,2,29000,0
O000002,2,P0012,2,39000,0
O000002,3,P0013,2,28000,0
O000002,4,P0025,1,15000,0.1
O000003,1,P0007,3,29000,0
O000004,1,P0010,3,48000,0.1
O000004,2,P0011,3,24000,0
O000004,3,P0011,3,24000,0.05
O000004,4,P0016,2,42000,0
O000005,1,P0018,3,59000,0
O000006,1,P0009,3,27000,0
O000006,2,P0009,2,27000,0
O000006,3,P0007,3,29000,0
O000007,1,P0016,3,42000,0.05
O000007,2,P0003,2,89000,1.2
O000008,1,P0006,1,38000,0.05
O000009,1,P0016,1,42000,0.05
O000009,2,P0007,1,29000,0.05
O000010,1,P0006,1,38000,0
O000010,2,P0006,3,38000,0.15
O000010,3,P0007,2,29000,0
O000010,4,P0016,2,42000,0
O000011,1,P0013,2,28000,0
O000011,2,P0018,1,59000,0.1
O000011,3,P0018,3,59000,0.1
O000011,4,P0007,2,29000,0.1
O000012,1,P0005,3,45000,0
O000013,1,P0019,1,79000,0.05
O000013,2,P0011,1,24000,0
O000013,3,P0010,1,48000,0
O000013,4,P0008,2,32000,0
O000014,1,P0021,3,49000,1.2
O000015,1,P0017,3,25000,0
O000015,2,P0009,1,27000,0.1
O000016,1,P0015,2,22000,0
O000016,2,P0017,3,25000,0
O000016,3,P0001,1,69000,0.05
O000016,4,P0017,3,25000,0
O000017,1,P0005,3,45000,0.05
O000017,2,P0022,3,18000,0
O000017,3,P0002,3,54000,0
O000017,4,P0002,3,54000,0
O000018,1,P0022,3,18000,0.05
O000019,1,P0023,1,21000,0
O000019,2,P0013,2,28000,0
O000019,3,P0013,3,28000,0.1
O000020,1,P0023,3,21000,0
O000020,2,P0006,2,38000,0
O000020,3,P0003,3,89000,0.15
O000021,1,P0010,2,48000,0
O000022,1,P0018,3,59000,1.2
O000022,2,P0001,3,69000,0
O000022,3,P0020,3,99000,0
O000023,1,P0021,3,49000,0.1
O000023,2,P0015,1,22000,0
O000023,3,P0014,1,16000,0
O000023,4,P0010,3,48000,0.1
O000024,1,P0024,3,36000,0
O000024,2,P0024,1,36000,0
O000025,1,P0008,1,32000,0
O000026,1,P0024,1,36000,0.05
O000026,2,P0003,3,89000,0
O000026,3,P0001,1,69000,0
O000026,4,P0011,3,24000,0.05
O000027,1,P0025,2,15000,0
O000027,2,P0008,3,32000,0
O000028,1,P0017,3,25000,0
O000029,1,P0024,3,36000,0.15
O000029,2,P0024,3,36000,0.1
O000029,3,P0015,3,22000,0.05
O000029,4,P0019,2,79000,0
O000030,1,P0023,3,21000,0.05
O000030,2,P0010,1,48000,0.1
O000030,3,P0004,1,329000,0.05
O000030,4,P0012,2,39000,0.05
O000031,1,P0017,2,25000,0
O000031,2,P0004,2,329000,0
O000031,3,P0005,1,45000,0
O000032,1,P0022,3,18000,0.15
O000032,2,P0002,3,54000,0.15
O000032,3,P0009,1,27000,0.1
O000032,4,P0007,2,29000,0
O000033,1,P0003,2,89000,0
O000033,2,P0023,1,21000,0.05
O000033,3,P0014,2,16000,0.05
O000033,4,P0021,3,49000,0
O000034,1,P0003,1,89000,0.05
O000034,2,P0013,3,28000,0
O000035,1,P0003,1,89000,0.05
O000035,2,P0004,3,329000,0.05
O000035,3,P0015,3,22000,0
O000036,1,P0003,1,89000,0
O000036,2,P0023,2,21000,0
O000037,1,P0007,1,29000,0
O000038,1,P0022,3,18000,0.1
O000038,2,P0025,2,15000,0
O000038,3,P0003,1,89000,0.1
O000039,1,P0006,2,38000,0
O000039,2,P0021,3,49000,0
O000039,3,P0001,2,69000,0.15
O000040,1,P0003,2,89000,0
O000040,2,P0019,1,79000,0
O000040,3,P0012,3,39000,0.1
O000040,4,P0019,2,79000,0
O000041,1,P0021,1,49000,0.1
O000041,2,P0016,3,42000,0
O000041,3,P0012,1,39000,0
O000042,1,P0010,2,48000,0
O000043,1,P0001,2,69000,0.1
O000043,2,P0016,3,42000,0.15
O000044,1,P0006,1,38000,0
O000044,2,P0024,1,36000,0.05
O000045,1,P0002,1,54000,0
O000045,2,P0012,3,39000,0.15
O000045,3,P0008,3,32000,0.05
O000045,4,P0018,2,59000,0
O000046,1,P0007,3,29000,0.05
O000047,1,P0009,3,27000,0
O000047,2,P0024,3,36000,0.1
O000047,3,P0020,2,99000,0.1
O000047,4,P0013,2,28000,0.1
O000048,1,P0025,1,15000,0
O000048,2,P0004,1,329000,0
O000048,3,P0018,3,59000,0
O000048,4,P0019,1,79000,0
O000049,1,P0017,2,25000,0
O000049,2,P0016,1,42000,0
O000049,3,P0024,3,36000,0
O000049,4,P0013,1,28000,0
O000050,1,P0010,2,48000,0.05
O000050,2,P0019,1,79000,0
O000051,1,P0025,1,15000,0.1
O000052,1,P0010,3,48000,0
O000053,1,P0020,2,99000,0
O000054,1,P0007,2,29000,0
O000054,2,P0013,2,28000,0.1
O000054,3,P0005,2,45000,0
O000054,4,P0016,1,42000,0.1
O000055,1,P0014,1,16000,0.15
O000055,2,P0008,3,32000,0
O000056,1,P0011,3,24000,0
O000057,1,P0004,3,329000,0
O000057,2,P0017,3,25000,0.15
O000057,3,P0011,2,24000,0
O000058,1,P0008,1,32000,0.1
O000058,2,P0017,3,25000,0
O000059,1,P0024,2,36000,0
O000059,2,P0003,2,89000,0
O000059,3,P0023,3,21000,0
O000060,1,P0018,1,59000,0
O000060,2,P0024,3,36000,0
O000060,3,P0024,1,36000,0.15
O000060,4,P0022,2,18000,0
O000061,1,P0022,2,18000,0.15
O000062,1,P0011,1,24000,0
O000062,2,P0005,3,45000,0.15
O000062,3,P0016,1,42000,0.1
O000063,1,P0001,3,69000,0
O000063,2,P0017,2,25000,0.1
O000063,3,P0010,3,48000,0
O000063,4,P0019,3,79000,0.05
O000064,1,P0025,2,15000,0
O000065,1,P0015,2,22000,0
O000065,2,P0001,1,69000,0.1
O000065,3,P0024,3,36000,0.05
O000065,4,P0024,3,36000,0
O000066,1,P0017,3,25000,0
O000066,2,P0003,2,89000,0
O000066,3,P0018,1,59000,0
O000067,1,P0011,2,24000,0.1
O000067,2,P0022,2,18000,0
O000067,3,P0025,3,15000,0
O000068,1,P0011,3,24000,0
O000068,2,P0010,1,48000,0
O000068,3,P0011,3,24000,0
O000068,4,P0012,3,39000,0
O000069,1,P0024,3,36000,0
O000069,2,P0002,1,54000,0
O000069,3,P0012,1,39000,0.1
O000070,1,P0007,1,29000,0
O000070,2,P0018,2,59000,0.05
O000070,3,P0010,2,48000,0.15
O000070,4,P0002,3,54000,0.05
O000071,1,P0019,1,79000,0.05
O000071,2,P0019,3,79000,0.1
O000071,3,P0010,2,48000,0
O000071,4,P0010,3,48000,0
O000072,1,P0014,3,16000,0
O000073,1,P0007,1,29000,0.05
O000073,2,P0006,2,38000,0.15
O000073,3,P0006,2,38000,0
O000073,4,P0014,2,16000,0
O000074,1,P0025,1,15000,0.05
O000074,2,P0009,3,27000,0.1
O000074,3,P0003,3,89000,0
O000075,1,P0007,2,29000,0.05
O000076,1,P0001,2,69000,0
O000077,1,P0021,3,49000,0
O000078,1,P0019,2,79000,0
O000079,1,P0025,2,15000,0.05
O000079,2,P0008,2,32000,0.05
O000080,1,P0012,2,39000,0
O000080,2,P0011,1,24000,0.1
O000081,1,P0019,3,79000,0
O000081,2,P0014,3,16000,0.1
O000081,3,P0003,3,89000,0
O000081,4,P0006,3,38000,0
O000082,1,P0020,3,99000,0
O000083,1,P0010,1,48000,0
O000083,2,P0025,3,15000,0.05
O000083,3,P0003,3,89000,0.05
O000084,1,P0024,2,36000,0
O000084,2,P0006,2,38000,0
O000084,3,P0006,2,38000,0
O000084,4,P0001,3,69000,0.1
O000085,1,P0004,1,329000,1.2
O000085,2,P0016,1,42000,0.1
O000086,1,P0018,3,59000,0.1
O000087,1,P0019,2,79000,0
O000087,2,P0020,3,99000,0.1
O000087,3,P0006,1,38000,0
O000088,1,P0025,3,15000,0
O000088,2,P0010,3,48000,0
O000089,1,P0014,3,16000,0.1
O000089,2,P0016,3,42000,0.1
O000090,1,P0010,1,48000,0.1
O000090,2,P0006,3,38000,0.05
O000090,3,P0017,2,25000,0
O000091,1,P0024,2,36000,0.15
O000091,2,P0015,3,22000,0.15
O000091,3,P0024,1,36000,0
O000092,1,P0012,3,39000,0.15
O000092,2,P0008,1,32000,0.05
O000092,3,P0006,3,38000,0
O000092,4,P0011,2,24000,0
O000093,1,P0015,3,22000,0
O000093,2,P0019,2,79000,0
O000093,3,P0003,1,89000,0.05
O000094,1,P0022,2,18000,0.15
O000094,2,P0025,1,15000,0
O000094,3,P0022,1,18000,0
O000094,4,P0025,2,15000,0.1
O000095,1,P0020,3,99000,0
O000095,2,P0003,1,89000,0.15
O000095,3,P0021,2,49000,0.15
O000096,1,P0004,2,329000,0
O000097,1,P0005,2,45000,0
O000097,2,P0005,1,45000,0
O000097,3,P0005,2,45000,0.15
O000098,1,P0023,3,21000,0.05
O000099,1,P0018,1,59000,0.05
O000099,2,P0020,1,99000,0.1
O000099,3,P0008,2,32000,0.05
O000099,4,P0013,1,28000,0
O000100,1,P0002,1,54000,0
O000101,1,P0021,2,49000,0
O000102,1,P0011,2,24000,0
O000102,2,P0022,1,18000,0
O000102,3,P0015,3,22000,0.05
O000102,4,P0012,2,39000,0
O000103,1,P0019,1,79000,0
O000103,2,P0013,2,28000,0.1
O000103,3,P0020,2,99000,0
O000104,1,P0008,1,32000,0
O000105,1,P0015,3,22000,0
O000105,2,P0024,2,36000,0
O000105,3,P0019,2,79000,0.1
O000105,4,P0015,1,22000,0.05
O000106,1,P0021,2,49000,0
O000106,2,P0015,1,22000,0
O000106,3,P0017,2,25000,0.15
O000106,4,P0008,2,32000,0.1
O000107,1,P0024,2,36000,0.05
O000108,1,P0011,2,24000,0
O000108,2,P0009,3,27000,0.05
O000108,3,P0002,1,54000,0
O000108,4,P0019,3,79000,0.1
O000109,1,P0018,3,59000,0
O000109,2,P0019,3,79000,0
O000110,1,P0006,1,38000,0.05
O000111,1,P0002,3,54000,0.1
O000112,1,P0001,2,69000,0
O000112,2,P0010,1,48000,0
O000113,1,P0016,1,42000,0
O000113,2,P0008,2,32000,0
O000114,1,P0002,2,54000,0.1
O000114,2,P0011,1,24000,0
O000115,1,P0004,1,329000,0.05
O000116,1,P0014,3,16000,0.1
O000116,2,P0011,1,24000,0
O000116,3,P0021,2,49000,0.05
O000116,4,P0001,3,69000,0
O000117,1,P0016,1,42000,0.1
O000117,2,P0014,1,16000,0.1
O000118,1,P0001,3,69000,0.15
O000118,2,P0013,3,28000,0
O000118,3,P0001,3,69000,0.05
O000118,4,P0019,2,79000,0
O000119,1,P0025,1,15000,0
O000120,1,P0017,3,25000,0
O000120,2,P0002,1,54000,0
O000121,1,P0013,2,28000,0.15
O000121,2,P0014,2,16000,0
O000122,1,P0002,2,54000,0
O000123,1,P0010,3,48000,0
O000123,2,P0004,3,329000,0
O000123,3,P0010,2,48000,0
O000123,4,P0008,2,32000,0.05
O000124,1,P0002,3,54000,0.1
O000125,1,P0015,2,22000,0
O000126,1,P0022,1,18000,0
O000126,2,P0009,2,27000,0
O000127,1,P0008,1,32000,0
O000128,1,P0020,1,99000,0.1
O000128,2,P0001,3,69000,0
O000128,3,P0024,1,36000,0
O000129,1,P0013,3,28000,0.05
O000129,2,P0018,3,59000,0.1
O000129,3,P0005,3,45000,0
O000130,1,P0010,2,48000,0
O000131,1,P0010,1,48000,0
O000131,2,P0012,3,39000,0.05
O000131,3,P0013,3,28000,0
O000131,4,P0023,3,21000,0.15
O000132,1,P0014,1,16000,0
O000132,2,P0015,1,22000,0
O000132,3,P0023,2,21000,0
O000132,4,P0024,2,36000,0.05
O000133,1,P0015,1,22000,0
O000133,2,P0015,1,22000,0
O000134,1,P0013,2,28000,0
O000134,2,P0015,1,22000,0.1
O000134,3,P0023,3,21000,0
O000135,1,P0012,3,39000,0
O000135,2,P0010,1,48000,0.1
O000135,3,P0009,3,27000,0
O000135,4,P0016,2,42000,0
O000136,1,P0021,1,49000,0
O000137,1,P0010,3,48000,0.05
O000137,2,P0022,2,18000,0
O000137,3,P0002,3,54000,0.15
O000138,1,P0023,1,21000,0.1
O000138,2,P0011,1,24000,0.1
O000138,3,P0010,3,48000,0.05
O000139,1,P0014,2,16000,0.15
O000140,1,P0021,2,49000,0
O000140,2,P0021,2,49000,0
O000140,3,P0010,3,48000,0.15
O000140,4,P0005,3,45000,1.2
O000141,1,P0001,2,69000,0.1
O000141,2,P0012,3,39000,0
O000142,1,P0012,1,39000,0.15
O000142,2,P0003,3,89000,0.05
O000142,3,P0005,1,45000,0
O000142,4,P0004,3,329000,0.1
O000143,1,P0016,1,42000,0
O000144,1,P0021,1,49000,0
O000145,1,P0015,3,22000,0
O000145,2,P0016,1,42000,0
O000145,3,P0023,3,21000,0
O000146,1,P0020,1,99000,0
O000146,2,P0022,1,18000,0
O000146,3,P0007,1,29000,0.1
O000147,1,P0004,1,329000,0
O000147,2,P0001,2,69000,0.1
O000147,3,P0013,3,28000,0
O000148,1,P0008,3,32000,0.1
O000148,2,P0011,3,24000,0
O000148,3,P0024,3,36000,0.05
O000149,1,P0014,1,16000,0
O000149,2,P0025,2,15000,0.15
O000149,3,P0013,3,28000,0
O000149,4,P0001,3,69000,0.1
O000150,1,P0025,2,15000,0.15
O000150,2,P0019,1,79000,0
O000150,3,P0012,3,39000,0
O000150,4,P0004,3,329000,0.05
O000151,1,P0020,3,99000,0.15
O000152,1,P0003,2,89000,0.05
O000152,2,P0007,3,29000,0.1
O000153,1,P0003,3,89000,0.05
O000154,1,P0020,1,99000,0.1
O000154,2,P0022,2,18000,0.05
O000155,1,P0006,2,38000,0
O000155,2,P0008,1,32000,0
O000155,3,P0003,1,89000,0
O000155,4,P0004,1,329000,0.05
O000156,1,P0003,2,89000,0
O000156,2,P0018,2,59000,0.15
O000157,1,P0021,2,49000,0.1
O000158,1,P0011,3,24000,0
O000158,2,P0010,1,48000,0
O000158,3,P0005,2,45000,0.15
O000158,4,P0007,1,29000,0.15
O000159,1,P0008,2,32000,0
O000159,2,P0012,3,39000,0
O000160,1,P0009,1,27000,0
O000160,2,P0013,1,28000,0.15
O000160,3,P0006,1,38000,0.15
O000161,1,P0014,2,16000,0.1
O000161,2,P0008,3,32000,0
O000161,3,P0001,2,69000,0
O000162,1,P0017,2,25000,0.1
O000162,2,P0010,2,48000,0.1
O000162,3,P0006,1,38000,0
O000162,4,P0017,2,25000,0
O000163,1,P0017,1,25000,0
O000164,1,P0010,3,48000,0
O000164,2,P0023,1,21000,0
O000164,3,P0005,1,45000,0.05
O000164,4,P0019,2,79000,0.1
O000165,1,P0005,3,45000,0.1
O000165,2,P0023,1,21000,0
O000165,3,P0019,2,79000,0.1
O000166,1,P0018,1,59000,0.05
O000167,1,P0019,1,79000,0
O000168,1,P0006,1,38000,0.1
O000169,1,P0005,2,45000,0.05
O000169,2,P0021,2,49000,0
O000169,3,P0016,1,42000,0
O000169,4,P0001,1,69000,0.1
O000170,1,P0019,3,79000,0.15
O000170,2,P0003,1,89000,0
O000170,3,P0011,3,24000,0
O000171,1,P0004,2,329000,0.1
O000171,2,P0002,3,54000,0.05
O000172,1,P0018,1,59000,0.15
O000172,2,P0013,1,28000,0
O000172,3,P0006,2,38000,0.05
O000173,1,P0013,2,28000,0.05
O000173,2,P0002,2,54000,0.1
O000174,1,P0001,2,69000,0
O000174,2,P0023,2,21000,0.15
O000174,3,P0001,1,69000,0.1
O000175,1,P0001,3,69000,0
O000175,2,P0021,1,49000,0.1
O000175,3,P0002,2,54000,0.05
O000175,4,P0009,3,27000,0
O000176,1,P0010,1,48000,0
O000176,2,P0023,3,21000,0
O000177,1,P0005,2,45000,0
O000177,2,P0011,1,24000,0
O000177,3,P0007,2,29000,0.05
O000177,4,P0011,1,24000,0
O000178,1,P0016,1,42000,0
O000178,2,P0005,1,45000,0
O000179,1,P0017,2,25000,0
O000179,2,P0001,1,69000,0
O000180,1,P0006,2,38000,0
O000180,2,P0003,3,89000,0.05
O000180,3,P0007,1,29000,0.1
O000180,4,P0005,3,45000,0.1
O000181,1,P0019,1,79000,0
O000181,2,P0006,1,38000,0
O000181,3,P0008,2,32000,0
O000181,4,P0015,3,22000,0
O000182,1,P0021,1,49000,0.1
O000182,2,P0019,1,79000,0
O000182,3,P0001,3,69000,0
O000182,4,P0023,1,21000,0
O000183,1,P0017,1,25000,0.05
O000183,2,P0017,3,25000,0.1
O000183,3,P0018,1,59000,0
O000183,4,P0010,1,48000,0
O000184,1,P0012,2,39000,0
O000184,2,P0025,3,15000,0.1
O000185,1,P0019,3,79000,0
O000185,2,P0012,1,39000,0
O000186,1,P0020,1,99000,0
O000186,2,P0016,3,42000,0
O000186,3,P0023,1,21000,0.15
O000186,4,P0009,3,27000,0.1
O000187,1,P0025,2,15000,0
O000188,1,P0023,2,21000,0.15
O000188,2,P0010,3,48000,0
O000188,3,P0011,2,24000,0
O000189,1,P0025,1,15000,0.1
O000189,2,P0008,3,32000,0
O000190,1,P0007,3,29000,0
O000190,2,P0010,1,48000,0.05
O000191,1,P0025,3,15000,0.05
O000191,2,P0019,1,79000,0
O000192,1,P0002,3,54000,0.05
O000193,1,P0008,1,32000,0
O000193,2,P0019,2,79000,0
O000194,1,P0005,1,45000,0
O000194,2,P0008,1,32000,0
O000194,3,P0025,1,15000,0
O000195,1,P0024,2,36000,0
O000195,2,P0023,3,21000,0.05
O000195,3,P0024,3,36000,0
O000196,1,P0024,3,36000,0
O000197,1,P0013,3,28000,0.15
O000197,2,P0006,2,38000,0
O000198,1,P0007,3,29000,0
O000198,2,P0022,3,18000,0
O000198,3,P0004,1,329000,0
O000199,1,P0015,3,22000,0.05
O000199,2,P0005,2,45000,0
O000199,3,P0012,1,39000,0
O000199,4,P0022,2,18000,0
O000200,1,P0003,1,89000,0
O000200,2,P0023,3,21000,0
O000200,3,P0018,1,59000,1.2
O000200,4,P0001,1,69000,0.15
O000201,1,P0017,1,25000,0
O000201,2,P0019,2,79000,0.05
O000201,3,P0021,3,49000,0
O000201,4,P0011,3,24000,0
O000202,1,P0008,2,32000,0
O000203,1,P0015,2,22000,0.1
O000203,2,P0014,3,16000,0.1
O000204,1,P0009,1,27000,0
O000205,1,P0017,1,25000,0
O000206,1,P0018,3,59000,0
O000207,1,P0021,3,49000,0.05
O000207,2,P0022,1,18000,0
O000208,1,P0021,3,49000,0
O000209,1,P0017,3,25000,0
O000210,1,P0003,1,89000,0
O000210,2,P0013,2,28000,0
O000210,3,P0022,2,18000,0
O000211,1,P0018,2,59000,0.1
O000211,2,P0022,3,18000,0
O000212,1,P0016,1,42000,0
O000212,2,P0008,3,32000,0
O000212,3,P0008,3,32000,0
O000212,4,P0017,2,25000,0
O000213,1,P0002,3,54000,0.1
O000213,2,P0019,1,79000,0.1
O000213,3,P0009,1,27000,0.15
O000213,4,P0020,3,99000,0
O000214,1,P0024,2,36000,0
O000214,2,P0008,2,32000,0
O000215,1,P0018,2,59000,0.1
O000215,2,P0022,1,18000,0
O000216,1,P0019,1,79000,0
O000216,2,P0002,1,54000,0
O000216,3,P0012,1,39000,0.05
O000216,4,P0004,2,329000,0
O000217,1,P0015,1,22000,0.15
O000217,2,P0011,1,24000,0.1
O000217,3,P0018,1,59000,0
O000217,4,P0020,3,99000,0.1
O000218,1,P0014,3,16000,0
O000219,1,P0007,2,29000,0.15
O000220,1,P0022,1,18000,0.1
O000220,2,P0025,1,15000,0
O000220,3,P0017,1,25000,0.1
O000221,1,P0025,3,15000,0
O000221,2,P0004,2,329000,0
O000221,3,P0002,3,54000,0
O000221,4,P0022,3,18000,0
O000222,1,P0023,1,21000,0
O000222,2,P0008,3,32000,0
O000222,3,P0008,1,32000,0.05
O000222,4,P0017,2,25000,0
O000223,1,P0009,2,27000,0.1
O000224,1,P0011,1,24000,0.1
O000224,2,P0017,1,25000,0
O000224,3,P0024,3,36000,0.15
O000224,4,P0013,2,28000,0
O000225,1,P0011,3,24000,0
O000225,2,P0024,2,36000,0.1
O000225,3,P0008,2,32000,0.15
O000226,1,P0001,3,69000,0
O000227,1,P0010,3,48000,0
O000228,1,P0011,2,24000,0
O000228,2,P0021,2,49000,0.05
O000228,3,P0001,1,69000,0.1
O000229,1,P0023,3,21000,0.05
O000229,2,P0020,1,99000,0
O000230,1,P0017,2,25000,0
O000230,2,P0016,2,42000,0.15
O000231,1,P0024,3,36000,0.05
O000231,2,P0019,2,79000,0
O000232,1,P0005,1,45000,0.05
O000232,2,P0002,1,54000,0.05
O000232,3,P0011,1,24000,0
O000233,1,P0017,2,25000,0.05
O000233,2,P0009,1,27000,0
O000233,3,P0007,3,29000,0.1
O000233,4,P0014,3,16000,0.1
O000234,1,P0003,2,89000,0.15
O000235,1,P0022,2,18000,0.1
O000235,2,P0015,2,22000,0
O000236,1,P0004,1,329000,0.1
O000236,2,P0017,1,25000,0.15
O000236,3,P0006,2,38000,0
O000236,4,P0019,3,79000,0
O000237,1,P0021,3,49000,0
O000238,1,P0014,1,16000,0
O000238,2,P0013,3,28000,0
O000238,3,P0011,3,24000,0
O000239,1,P0024,3,36000,0.05
O000239,2,P0022,2,18000,0
O000240,1,P0025,1,15000,0
O000241,1,P0007,1,29000,0
O000241,2,P0004,2,329000,0
O000242,1,P0013,1,28000,0.15
O000242,2,P0011,1,24000,0.1
O000243,1,P0008,2,32000,0
O000243,2,P0008,2,32000,0.05
O000243,3,P0013,3,28000,0
O000243,4,P0005,2,45000,0.05
O000244,1,P0014,1,16000,0
O000245,1,P0001,3,69000,0.1
O000246,1,P0015,1,22000,0
O000246,2,P0007,2,29000,0.15
O000246,3,P0015,2,22000,0
O000246,4,P0012,3,39000,0
O000247,1,P0013,3,28000,0
O000247,2,P0001,1,69000,0
O000247,3,P0018,2,59000,0.1
O000248,1,P0019,3,79000,0
O000248,2,P0002,1,54000,0
O000248,3,P0008,3,32000,0.15
O000248,4,P0019,1,79000,0.1
O000249,1,P0017,3,25000,0.1
O000249,2,P0019,3,79000,0
O000249,3,P0015,2,22000,0
O000250,1,P0013,1,28000,0.1
O000250,2,P0015,1,22000,0.1
O000250,3,P0024,3,36000,0
O000250,4,P0018,3,59000,0
O000251,1,P0006,1,38000,0
O000252,1,P0023,3,21000,0
O000252,2,P0003,3,89000,0.05
O000253,1,P0004,2,329000,0
O000253,2,P0013,3,28000,0
O000253,3,P0011,1,24000,0
O000253,4,P0019,1,79000,0.1
O000254,1,P0012,1,39000,0.05
O000254,2,P0024,3,36000,0.1
O000255,1,P0015,1,22000,0.1
O000255,2,P0014,1,16000,0.05
O000255,3,P0006,1,38000,0.1
O000255,4,P0008,1,32000,0
O000256,1,P0021,2,49000,0
O000257,1,P0011,1,24000,0.15
O000257,2,P0023,1,21000,0.05
O000257,3,P0005,2,45000,0.1
O000257,4,P0021,3,49000,0
O000258,1,P0019,2,79000,0
O000258,2,P0023,1,21000,0
O000258,3,P0025,2,15000,0.05
O000258,4,P0009,2,27000,0
O000259,1,P0002,3,54000,0.05
O000259,2,P0017,2,25000,0
O000260,1,P0016,2,42000,0
O000260,2,P0007,2,29000,0.05
O000261,1,P0018,3,59000,0
O000261,2,P0007,3,29000,0.1
O000261,3,P0023,3,21000,0
O000261,4,P0022,3,18000,0.1
O000262,1,P0007,1,29000,0
O000263,1,P0025,1,15000,0.05
O000263,2,P0010,1,48000,0
O000263,3,P0005,2,45000,0.05
O000264,1,P0006,1,38000,0.1
O000264,2,P0023,1,21000,0
O000264,3,P0022,3,18000,0
O000264,4,P0019,2,79000,0
O000265,1,P0012,1,39000,0.05
O000265,2,P0017,1,25000,0
O000266,1,P0022,1,18000,0
O000266,2,P0002,3,54000,0
O000266,3,P0007,1,29000,0
O000266,4,P0020,2,99000,0.1
O000267,1,P0006,1,38000,0.1
O000267,2,P0018,1,59000,0
O000267,3,P0019,2,79000,0.1
O000268,1,P0014,1,16000,0
O000268,2,P0015,1,22000,0
O000268,3,P0002,1,54000,0
O000268,4,P0001,1,69000,0
O000269,1,P0019,3,79000,0
O000269,2,P0015,1,22000,0.1
O000269,3,P0008,3,32000,0
O000269,4,P0004,2,329000,0
O000270,1,P0006,1,38000,1.2
O000270,2,P0005,2,45000,0.1
O000270,3,P0010,3,48000,0
O000271,1,P0025,1,15000,0.1
O000271,2,P0023,2,21000,0
O000271,3,P0016,2,42000,0
O000272,1,P0002,3,54000,0.05
O000272,2,P0021,3,49000,0
O000272,3,P0018,1,59000,0.05
O000273,1,P0025,1,15000,0
O000274,1,P0022,2,18000,0
O000274,2,P0016,3,42000,0.15
O000274,3,P0022,3,18000,0.05
O000274,4,P0023,1,21000,0
O000275,1,P0021,1,49000,0
O000275,2,P0008,2,32000,0.15
O000276,1,P0009,1,27000,0
O000276,2,P0019,1,79000,0.1
O000276,3,P0020,3,99000,0.1
O000276,4,P0004,1,329000,0.1
O000277,1,P0015,3,22000,0.15
O000277,2,P0004,2,329000,0.15
O000278,1,P0022,1,18000,0
O000278,2,P0022,2,18000,0.05
O000278,3,P0017,3,25000,0
O000279,1,P0018,3,59000,0
O000279,2,P0007,2,29000,0.15
O000279,3,P0005,1,45000,0.1
O000279,4,P0021,2,49000,0
O000280,1,P0025,2,15000,0.1
O000280,2,P0012,1,39000,0
O000281,1,P0001,3,69000,0.15
O000281,2,P0014,3,16000,0
O000281,3,P0004,1,329000,0
O000281,4,P0023,2,21000,0.05
O000282,1,P0013,2,28000,0.1
O000282,2,P0024,3,36000,0.15
O000283,1,P0023,1,21000,0.05
O000284,1,P0006,2,38000,0
O000284,2,P0016,1,42000,0
O000284,3,P0013,3,28000,0
O000285,1,P0018,3,59000,0
O000285,2,P0009,3,27000,0
O000286,1,P0004,3,329000,0
O000286,2,P0002,1,54000,0.15
O000286,3,P0024,2,36000,0
O000287,1,P0021,2,49000,0
O000287,2,P0015,2,22000,0
O000287,3,P0024,2,36000,0
O000287,4,P0013,3,28000,0
O000288,1,P0001,1,69000,0.1
O000288,2,P0020,1,99000,0.1
O000288,3,P0020,2,99000,0
O000288,4,P0009,2,27000,0.05
O000289,1,P0006,2,38000,0
O000290,1,P0008,3,32000,0.1
O000290,2,P0016,2,42000,0.1
O000291,1,P0002,1,54000,0.05
O000291,2,P0016,2,42000,0
O000292,1,P0005,3,45000,0.1
O000292,2,P0002,3,54000,0.05
O000292,3,P0018,1,59000,0
O000292,4,P0024,3,36000,0
O000293,1,P0002,3,54000,0.05
O000293,2,P0016,3,42000,0.1
O000293,3,P0009,2,27000,0.1
O000294,1,P0018,1,59000,0
O000295,1,P0012,1,39000,0
O000296,1,P0002,1,54000,0
O000296,2,P0012,1,39000,0.05
O000296,3,P0003,2,89000,0
O000297,1,P0005,1,45000,0
O000297,2,P0017,2,25000,0
O000298,1,P0005,1,45000,0
O000298,2,P0002,2,54000,0.05
O000298,3,P0022,1,18000,0.05
O000298,4,P0001,1,69000,0.1
O000299,1,P0022,3,18000,0.05
O000299,2,P0002,1,54000,0.1
O000299,3,P0018,2,59000,0.1
O000299,4,P0004,3,329000,0.1
O000300,1,P0024,1,36000,0.15
O000301,1,P0024,1,36000,0
O000301,2,P0003,1,89000,0.05
O000301,3,P0016,2,42000,0.05
O000302,1,P0007,3,29000,0.1
O000303,1,P0019,1,79000,0
O000303,2,P0013,3,28000,0
O000303,3,P0022,1,18000,0.1
O000304,1,P0010,3,48000,0
O000304,2,P0004,3,329000,0.15
O000305,1,P0012,3,39000,0
O000305,2,P0018,2,59000,0
O000306,1,P0014,3,16000,0.1
O000307,1,P0022,2,18000,0.1
O000307,2,P0009,3,27000,0
O000307,3,P0017,1,25000,0.05
O000307,4,P0012,3,39000,0.1
O000308,1,P0015,2,22000,0
O000308,2,P0019,1,79000,0.05
O000308,3,P0008,3,32000,0.1
O000309,1,P0021,1,49000,0.15
O000309,2,P0018,1,59000,0
O000309,3,P0010,3,48000,0
O000309,4,P0024,1,36000,0
O000310,1,P0005,1,45000,0.05
O000310,2,P0003,3,89000,0
O000311,1,P0005,1,45000,0
O000311,2,P0008,2,32000,0
O000311,3,P0010,3,48000,0.1
O000312,1,P0015,3,22000,0
O000313,1,P0013,2,28000,0
O000314,1,P0002,1,54000,0
O000315,1,P0013,2,28000,0.15
O000315,2,P0002,1,54000,0
O000315,3,P0013,1,28000,0.1
O000315,4,P0016,2,42000,0.15
O000316,1,P0012,2,39000,0.05
O000316,2,P0007,2,29000,0
O000316,3,P0015,2,22000,0
O000317,1,P0024,1,36000,0
O000317,2,P0012,3,39000,1.2
O000318,1,P0014,1,16000,0
O000318,2,P0001,1,69000,0
O000319,1,P0024,2,36000,0
O000319,2,P0021,2,49000,0
O000320,1,P0009,3,27000,0.05
O000320,2,P0025,3,15000,0.05
O000321,1,P0022,3,18000,0
O000321,2,P0010,2,48000,0.05
O000321,3,P0021,2,49000,0
O000321,4,P0007,2,29000,0.1
O000322,1,P0010,3,48000,0.1
O000322,2,P0023,1,21000,0.15
O000322,3,P0007,1,29000,0.1
O000323,1,P0010,2,48000,0
O000323,2,P0025,2,15000,0
O000324,1,P0007,2,29000,0.15
O000324,2,P0004,2,329000,0
O000325,1,P0020,1,99000,0
O000325,2,P0008,3,32000,0
O000325,3,P0006,1,38000,0.15
O000325,4,P0015,1,22000,0.05
O000326,1,P0008,3,32000,0
O000326,2,P0002,2,54000,0
O000327,1,P0002,1,54000,0
O000328,1,P0014,1,16000,0
O000328,2,P0010,2,48000,0.1
O000328,3,P0005,3,45000,0
O000329,1,P0001,2,69000,0
O000329,2,P0012,1,39000,0.05
O000330,1,P0003,2,89000,0
O000330,2,P0004,3,329000,0.1
O000330,3,P0002,2,54000,0
O000330,4,P0020,1,99000,0
O000331,1,P0001,1,69000,0
O000332,1,P0005,1,45000,0
O000332,2,P0025,2,15000,0
O000333,1,P0011,2,24000,0
O000333,2,P0005,1,45000,0
O000334,1,P0005,2,45000,0.05
O000334,2,P0013,1,28000,0
O000334,3,P0011,1,24000,0.05
O000335,1,P0017,2,25000,0
O000335,2,P0015,3,22000,0.1
O000335,3,P0008,1,32000,0
O000336,1,P0025,1,15000,0.1
O000336,2,P0008,3,32000,0
O000336,3,P0022,2,18000,0
O000336,4,P0021,2,49000,0
O000337,1,P0009,2,27000,0
O000337,2,P0003,3,89000,0.05
O000337,3,P0016,3,42000,0
O000338,1,P0020,3,99000,0
O000338,2,P0003,3,89000,0
O000339,1,P0009,1,27000,0
O000340,1,P0009,1,27000,0
O000340,2,P0019,1,79000,0.15
O000340,3,P0025,1,15000,0.1
O000340,4,P0006,2,38000,0
O000341,1,P0008,2,32000,0.1
O000341,2,P0015,3,22000,0
O000341,3,P0024,3,36000,0
O000341,4,P0025,1,15000,1.2
O000342,1,P0022,3,18000,0
O000342,2,P0011,1,24000,0
O000342,3,P0010,3,48000,0
O000343,1,P0002,3,54000,0.05
O000343,2,P0023,3,21000,0
O000343,3,P0015,3,22000,0
O000344,1,P0008,1,32000,0.1
O000344,2,P0020,1,99000,0.1
O000344,3,P0022,3,18000,0
O000345,1,P0002,2,54000,0.1
O000345,2,P0006,2,38000,0
O000345,3,P0024,1,36000,1.2
O000346,1,P0019,3,79000,0
O000346,2,P0002,2,54000,0
O000346,3,P0019,2,79000,0
O000347,1,P0006,1,38000,0
O000347,2,P0008,2,32000,0.05
O000347,3,P0002,1,54000,0
O000348,1,P0005,1,45000,0
O000349,1,P0003,1,89000,0.15
O000349,2,P0003,1,89000,0
O000349,3,P0021,1,49000,0
O000349,4,P0024,3,36000,0.15
O000350,1,P0001,2,69000,0
O000350,2,P0025,2,15000,0
O000351,1,P0009,2,27000,0.1
O000351,2,P0023,3,21000,0.05
O000351,3,P0023,2,21000,0.15
O000352,1,P0020,2,99000,0
O000352,2,P0013,3,28000,0
O000352,3,P0009,3,27000,0.05
O000352,4,P0018,2,59000,0
O000353,1,P0016,2,42000,0.15
O000354,1,P0006,3,38000,0
O000354,2,P0016,3,42000,0
O000354,3,P0025,1,15000,0.15
O000355,1,P0004,2,329000,0
O000355,2,P0007,2,29000,0.05
O000356,1,P0002,3,54000,0
O000357,1,P0014,1,16000,0.05
O000357,2,P0010,1,48000,0
O000358,1,P0019,3,79000,0
O000358,2,P0009,1,27000,0.1
O000358,3,P0015,2,22000,0.1
O000359,1,P0007,2,29000,0
O000360,1,P0016,3,42000,0
O000360,2,P0006,1,38000,0.1
O000360,3,P0019,2,79000,0.1
O000361,1,P0017,3,25000,0.1
O000361,2,P0021,3,49000,0
O000362,1,P0014,2,16000,0.05
O000362,2,P0014,1,16000,0
O000362,3,P0024,3,36000,1.2
O000363,1,P0014,2,16000,0.1
O000363,2,P0019,3,79000,0
O000364,1,P0009,1,27000,0
O000365,1,P0004,3,329000,0
O000366,1,P0006,2,38000,0.05
O000366,2,P0018,2,59000,0
O000366,3,P0008,2,32000,0
O000366,4,P0002,2,54000,0
O000367,1,P0002,1,54000,0.05
O000367,2,P0006,3,38000,0.15
O000367,3,P0012,1,39000,0
O000367,4,P0024,1,36000,0
O000368,1,P0020,2,99000,0.1
O000369,1,P0017,2,25000,0.1
O000369,2,P0015,1,22000,0.15
O000369,3,P0022,3,18000,0.1
O000370,1,P0023,1,21000,0
O000371,1,P0005,3,45000,0
O000372,1,P0024,1,36000,0.05
O000373,1,P0014,2,16000,0.1
O000373,2,P0024,1,36000,0
O000374,1,P0013,3,28000,0
O000375,1,P0021,3,49000,1.2
O000375,2,P0002,1,54000,0.05
O000376,1,P0002,2,54000,0.05
O000376,2,P0016,1,42000,0.1
O000376,3,P0009,3,27000,0.1
O000376,4,P0025,1,15000,0
O000377,1,P0013,1,28000,0
O000377,2,P0006,2,38000,0
O000378,1,P0023,3,21000,0.1
O000378,2,P0009,2,27000,0
O000379,1,P0011,1,24000,0.05
O000380,1,P0001,3,69000,0.05
O000380,2,P0006,1,38000,0.15
O000380,3,P0017,1,25000,0
O000380,4,P0019,2,79000,0
O000381,1,P0012,2,39000,0
O000381,2,P0019,2,79000,0.1
O000382,1,P0013,3,28000,0
O000382,2,P0014,3,16000,0
O000382,3,P0018,2,59000,0
O000382,4,P0018,1,59000,0.1
O000383,1,P0006,3,38000,0
O000384,1,P0017,1,25000,0
O000385,1,P0010,3,48000,0
O000386,1,P0024,1,36000,0.1
O000386,2,P0020,2,99000,0.1
O000386,3,P0018,3,59000,0.05
O000387,1,P0021,1,49000,0.15
O000387,2,P0009,2,27000,0.05
O000387,3,P0002,1,54000,0.05
O000387,4,P0012,1,39000,0
O000388,1,P0025,1,15000,0.05
O000389,1,P0009,3,27000,0
O000389,2,P0008,3,32000,0.1
O000390,1,P0008,2,32000,0
O000390,2,P0005,2,45000,0
O000390,3,P0012,2,39000,0
O000390,4,P0017,3,25000,0
O000391,1,P0025,2,15000,0
O000392,1,P0023,2,21000,0
O000392,2,P0005,2,45000,0.15
O000392,3,P0001,1,69000,0
O000393,1,P0002,2,54000,0
O000393,2,P0024,2,36000,0.15
O000394,1,P0013,3,28000,0
O000395,1,P0023,3,21000,0.1
O000396,1,P0017,1,25000,0
O000397,1,P0023,2,21000,0.1
O000398,1,P0014,2,16000,0
O000398,2,P0011,3,24000,1.2
O000399,1,P0025,2,15000,0
O000399,2,P0020,1,99000,0
O000399,3,P0015,1,22000,0
O000400,1,P0012,1,39000,0
O000400,2,P0014,1,16000,0
O000401,1,P0023,1,21000,0
O000401,2,P0016,2,42000,0
O000401,3,P0002,2,54000,0
O000402,1,P0022,1,18000,0.15
O000402,2,P0005,1,45000,0.05
O000402,3,P0006,3,38000,0
O000402,4,P0001,1,69000,0
O000403,1,P0017,2,25000,0.1
O000403,2,P0003,2,89000,0.15
O000403,3,P0013,1,28000,0.05
O000403,4,P0007,3,29000,1.2
O000404,1,P0016,1,42000,0
O000404,2,P0019,2,79000,0.05
O000404,3,P0023,1,21000,0.05
O000405,1,P0007,3,29000,0
O000405,2,P0016,3,42000,0.1
O000406,1,P0012,2,39000,0
O000406,2,P0018,3,59000,0
O000406,3,P0023,3,21000,0.05
O000407,1,P0020,3,99000,0
O000408,1,P0009,2,27000,0
O000408,2,P0010,1,48000,0.1
O000408,3,P0010,2,48000,0.05
O000409,1,P0020,3,99000,0
O000410,1,P0017,2,25000,0
O000410,2,P0023,2,21000,0
O000410,3,P0001,3,69000,0
O000410,4,P0006,3,38000,0
O000411,1,P0007,2,29000,0.1
O000411,2,P0015,3,22000,0
O000412,1,P0021,1,49000,0.15
O000412,2,P0007,3,29000,0
O000413,1,P0020,2,99000,0
O000413,2,P0005,3,45000,0
O000413,3,P0022,1,18000,0.05
O000414,1,P0005,3,45000,0
O000414,2,P0010,1,48000,0.1
O000414,3,P0023,2,21000,0.05
O000415,1,P0025,1,15000,0
O000415,2,P0021,3,49000,0.05
O000415,3,P0014,3,16000,0.1
O000416,1,P0012,2,39000,0
O000417,1,P0023,3,21000,0
O000418,1,P0025,1,15000,0
O000418,2,P0012,3,39000,0.1
O000419,1,P0009,0,27000,0
O000420,1,P0007,1,29000,0.05
O000421,1,P0024,2,36000,0.05
O000422,1,P0006,2,38000,0
O000422,2,P0014,2,16000,0
O000422,3,P0001,1,69000,0
O000422,4,P0020,1,99000,0
O000423,1,P0025,1,15000,0
O000424,1,P0014,3,16000,0.1
O000424,2,P0025,1,15000,0.1
O000424,3,P0019,1,79000,0
O000425,1,P0015,3,22000,0
O000425,2,P0022,2,18000,0
O000425,3,P0017,1,25000,0
O000426,1,P0010,1,48000,0
O000426,2,P0014,1,16000,0.1
O000426,3,P0023,2,21000,0.05
O000427,1,P0009,3,27000,0
O000427,2,P0009,3,27000,0.05
O000428,1,P0010,3,48000,0
O000429,1,P0007,1,29000,0
O000429,2,P0008,2,32000,0
O000429,3,P0014,1,16000,0.1
O000429,4,P0022,3,18000,0
O000430,1,P0021,1,49000,0.1
O000430,2,P0024,1,36000,0.05
O000430,3,P0025,1,15000,0.15
O000431,1,P0004,1,329000,0
O000432,1,P0020,3,99000,0
O000433,1,P0021,1,49000,0.1
O000434,1,P0025,3,15000,0.15
O000434,2,P0023,3,21000,0.15
O000434,3,P0006,1,38000,0
O000434,4,P0014,1,16000,0.1
O000435,1,P0023,2,21000,0
O000435,2,P0022,2,18000,0.05
O000435,3,P0021,2,49000,0
O000436,1,P0025,3,15000,0.1
O000436,2,P0001,3,69000,0.15
O000437,1,P0020,3,99000,0.05
O000437,2,P0015,3,22000,0.05
O000437,3,P0010,1,48000,0.1
O000437,4,P0025,1,15000,0
O000438,1,P0006,1,38000,0
O000438,2,P0008,1,32000,0
O000438,3,P0022,3,18000,0
O000439,1,P0018,3,59000,0.05
O000439,2,P0015,1,22000,0.05
O000440,1,P0009,1,27000,0
O000440,2,P0017,3,25000,0
O000441,1,P0024,2,36000,0
O000442,1,P0019,3,79000,0.1
O000443,1,P0001,1,69000,0
O000443,2,P0006,1,38000,0
O000443,3,P0020,2,99000,0.15
O000443,4,P0006,1,38000,0.15
O000444,1,P0015,3,22000,0
O000444,2,P0003,1,89000,0.1
O000444,3,P0023,1,21000,0
O000444,4,P0008,3,32000,0.1
O000445,1,P0004,1,329000,0.05
O000445,2,P0023,2,21000,0
O000445,3,P0023,1,21000,0.1
O000445,4,P0024,2,36000,0.05
O000446,1,P0014,1,16000,0
O000447,1,P0019,1,79000,0
O000447,2,P0019,1,79000,0.15
O000447,3,P0012,3,39000,0.15
O000447,4,P0008,1,32000,0
O000448,1,P0003,3,89000,0
O000448,2,P0008,2,32000,0
O000449,1,P0020,1,99000,0
O000449,2,P0003,3,89000,0.15
O000450,1,P0003,1,89000,0.1
O000450,2,P0011,1,24000,0.15
O000450,3,P0022,3,18000,0.1
O000450,4,P0011,1,24000,0.05
O000451,1,P0018,2,59000,0.1
O000451,2,P0005,3,45000,0.1
O000451,3,P0011,2,24000,0
O000451,4,P0018,2,59000,0.1
O000452,1,P0015,1,22000,0.1
O000453,1,P0006,2,38000,0
O000454,1,P0014,1,16000,0.15
O000455,1,P0006,1,38000,0
O000455,2,P0005,1,45000,0
O000455,3,P0007,1,29000,0.05
O000456,1,P0008,3,32000,0.05
O000456,2,P0024,2,36000,0.1
O000457,1,P0008,1,32000,0
O000457,2,P0013,1,28000,0
O000457,3,P0005,1,45000,0
O000457,4,P0006,2,38000,0
O000458,1,P0023,1,21000,0
O000459,1,P0011,2,24000,0
O000460,1,P0025,1,15000,0
O000460,2,P0007,3,29000,0
O000460,3,P0015,2,22000,0.15
O000460,4,P0023,1,21000,0.05
O000461,1,P0005,3,45000,0
O000461,2,P0002,1,54000,0
O000461,3,P0012,2,39000,0.15
O000462,1,P0021,3,49000,0.1
O000462,2,P0020,2,99000,0
O000462,3,P0007,2,29000,0
O000462,4,P0011,3,24000,0
O000463,1,P0015,1,22000,0
O000464,1,P0009,2,27000,0.1
O000465,1,P0005,3,45000,0.15
O000465,2,P0002,1,54000,0
O000465,3,P0004,1,329000,0
O000465,4,P0017,1,25000,0
O000466,1,P0009,3,27000,0.1
O000466,2,P0025,3,15000,0
O000466,3,P0004,2,329000,0.1
O000467,1,P0007,2,29000,0.1
O000468,1,P0022,2,18000,0.05
O000468,2,P0020,1,99000,0
O000468,3,P0011,2,24000,0
O000468,4,P0009,2,27000,0.1
O000469,1,P0006,3,38000,0
O000470,1,P0007,3,29000,0
O000470,2,P0015,2,22000,0.15
O000470,3,P0021,1,49000,0
O000471,1,P0021,3,49000,0
O000471,2,P0014,2,16000,0
O000472,1,P0007,3,29000,0
O000472,2,P0011,1,24000,0.1
O000472,3,P0006,2,38000,0
O000473,1,P0012,1,39000,0.1
O000473,2,P0017,2,25000,0
O000473,3,P0013,3,28000,0.1
O000473,4,P0011,3,24000,0.1
O000474,1,P0006,3,38000,0.15
O000474,2,P0010,2,48000,0
O000474,3,P0021,2,49000,0
O000475,1,P0018,3,59000,0
O000476,1,P0011,2,24000,0.1
O000476,2,P0014,1,16000,0
O000477,1,P0009,2,27000,0
O000477,2,P0008,3,32000,0.05
O000478,1,P0010,1,48000,0
O000478,2,P0014,3,16000,0
O000478,3,P0005,2,45000,0
O000478,4,P0009,2,27000,0
O000479,1,P0025,3,15000,0
O000480,1,P0007,1,29000,0.15
O000481,1,P0007,3,29000,0
O000481,2,P0009,2,27000,0.1
O000482,1,P0007,1,29000,0
O000482,2,P0011,1,24000,0.05
O000482,3,P0022,2,18000,0
O000483,1,P0005,1,45000,0
O000483,2,P0009,3,27000,0.05
O000484,1,P0003,2,89000,0.15
O000484,2,P0012,2,39000,0.1
O000484,3,P0019,3,79000,0
O000485,1,P0010,3,48000,0.1
O000485,2,P0004,3,329000,0.05
O000485,3,P0012,3,39000,0.05
O000486,1,P0005,2,45000,0.05
O000486,2,P0002,3,54000,0
O000486,3,P0023,3,21000,0
O000487,1,P0014,3,16000,0
O000488,1,P0005,2,45000,0.1
O000488,2,P0010,3,48000,0.1
O000488,3,P0002,1,54000,0.05
O000489,1,P0021,3,49000,0
O000489,2,P0008,3,32000,0
O000489,3,P0021,2,49000,0
O000489,4,P0014,3,16000,0.1
O000490,1,P0003,3,89000,0
O000490,2,P0020,1,99000,0.05
O000490,3,P0025,1,15000,0.1
O000491,1,P0014,2,16000,0
O000491,2,P0002,2,54000,0.15
O000491,3,P0014,3,16000,0
O000492,1,P0009,1,27000,0
O000492,2,P0012,3,39000,0
O000492,3,P0013,3,28000,0.15
O000492,4,P0010,1,48000,0
O000493,1,P0014,3,16000,0.15
O000493,2,P0001,2,69000,0.05
O000493,3,P0011,3,24000,0.1
O000493,4,P0016,2,42000,0
O000494,1,P0014,3,16000,0.05
O000494,2,P0008,2,32000,0.15
O000494,3,P0017,1,25000,0
O000494,4,P0001,1,69000,0.05
O000495,1,P0022,1,18000,0.1
O000495,2,P0011,2,24000,0
O000495,3,P0024,2,36000,0.05
O000495,4,P0004,2,329000,0.1
O000496,1,P0021,3,49000,0
O000496,2,P0015,2,22000,0
O000497,1,P0012,2,39000,0.15
O000497,2,P0023,1,21000,0
O000497,3,P0018,1,59000,0
O000498,1,P0011,1,24000,0.15
O000498,2,P0003,2,89000,0.05
O000498,3,P0011,2,24000,0
O000499,1,P0002,3,54000,0
O000500,1,P0005,1,45000,0
